{
  "fgsm": {
    "clean_accuracy": 0.12,
    "adv_accuracy": 0.014,
    "clean_conflict": 0.8999020911455154,
    "adv_conflict": 0.8999017502069473,
    "conflict_increase": -3.409385681552024e-07,
    "clean_interval": 0.0,
    "adv_interval": 0.0,
    "interval_increase": 0.0
  }
}