{
  "conflict": {
    "auroc": 0.9479227499999999,
    "fpr95": 0.196,
    "in_dist_mean": 0.32734887614592095,
    "ood_mean": 0.756552987595889
  },
  "interval_width": {
    "in_dist_mean": 0.10243332499937506,
    "ood_mean": 0.3027047757812026
  }
}